trigger,T50,errT50,T90,errT90
105,1.792,0.202,5.184,0.181
107,68.608,3.238,208.576,1.118
108,1.28,1.574,3.136,0.59
109,47.104,0.143,90.176,0.286
110,306.368,3.304,430.016,1.094
111,41.728,0.63,98.176,2.262
114,29.632,7.359,381.248,10.192
121,48.64,0.373,75.008,1.28
130,33.792,0.143,61.952,0.5
133,95.232,0.994,182.016,0.916
138,0.218,0.009,0.315,0.023
143,6.72,0.143,50.816,0.202
148,419.008,3.096,454.016,6.147
160,8.384,0.405,17.024,1.374
171,12.864,0.41,24.768,4.401
179,3.2,0.202,7.232,0.181
185,0.056,0.006,0.132,0.077
204,20.288,4.544,62.656,1.548
207,0.042,0.005,0.085,0.003
211,203.84,4.299,292.736,1.28
214,18.816,0.286,45.696,4.524
218,0.597,0.092,1.173,0.069
219,6.272,0.231,29.696,1.414
222,57.024,0.389,73.088,0.466
223,22.784,2.01,29.184,1.243
226,61.44,0.32,221.184,0.466
228,5.504,0.453,12.352,2.695
229,0.256,0.091,0.448,0.091
235,10.304,0.551,26.432,3.057
237,30.208,0.547,40.512,3.529
249,6.656,0.143,28.544,0.854
254,0.192,0.091,0.384,0.707
257,28.48,1.096,80.832,4.16
288,21.44,4.871,41.152,6.464
289,0.03,0.007,0.067,0.012
297,0.32,0.091,0.96,0.091
298,0.111,0.064,0.455,0.065
332,13.76,0.59,50.624,4.418
351,52.352,1.223,146.944,4.017
373,0.768,0.091,1.536,0.091
394,36.992,0.405,106.112,2.057
398,10.368,0.405,25.6,4.546
401,2.88,0.202,5.056,0.181
404,29.568,0.41,123.392,3.36
408,35.456,0.842,85.44,3.105
414,5.312,0.854,15.552,6.538
432,0.014,0.001,0.034,0.005
444,0.128,0.091,0.256,0.091
451,3.072,0.181,15.168,2.369
465,4.864,0.802,13.824,2.572
467,8.832,0.466,37.696,3.777
469,3.968,0.202,15.424,1.286
472,37.696,1.404,82.176,5.724
473,12.096,0.832,31.104,3.657
474,0.072,0.005,0.152,0.032
480,0.019,0.004,0.067,0.018
486,0.128,0.091,0.32,0.066
491,0.039,0.012,0.1,0.059
493,1.472,0.272,4.864,1.581
501,4.992,0.59,33.728,1.988
503,31.744,5.312,46.656,1.346
508,0.448,0.143,0.896,0.373
512,0.036,0.018,0.183,0.065
516,3.52,0.345,12.672,3.117
526,2.496,0.5,6.592,4.971
537,1.216,0.181,4.288,0.326
540,17.92,0.528,32,1.6
543,2.176,0.143,4.864,0.202
547,0.256,0.091,0.512,0.091
548,13.696,0.286,36.224,0.898
549,9.792,0.781,14.4,2.807
551,0.115,0.006,0.25,0.109
555,1.92,0.202,4.16,0.453
559,19.968,1.846,34.176,4.296
563,8.64,0.528,22.528,1.473
568,0.058,0.012,0.119,0.045
575,0.27,0.021,0.413,0.022
577,57.536,4.428,179.84,7.697
591,30.656,0.286,56.064,5.41
594,13.888,0.41,26.88,0.286
603,0.832,0.091,1.472,0.272
606,8.576,0.272,20.736,0.373
630,8,1.056,18.176,1.448
647,16.832,0.231,59.584,0.58
658,6.016,0.373,20.672,1.684
659,33.28,0.405,102.08,2.146
660,5.504,0.202,20.16,0.834
673,13.12,0.462,27.456,2.29
676,18.432,0.264,77.824,1.175
677,0.03,0.003,0.055,0.008
678,20.544,0.202,53.888,0.707
680,2.88,0.286,10.944,1.012
685,15.68,1.741,72.512,2.187
686,4.992,0.231,11.136,0.73
690,2.112,0.32,3.2,0.373
692,5.76,0.181,62.528,1.741
704,22.784,0.792,45.888,2.883
711,0.704,0.143,2.432,0.832
717,10.944,1.358,37.184,4.971
729,0.063,0.022,0.183,0.031
734,0.448,0.091,1.792,0.231
741,5.376,0.634,12.48,2.211
752,1.792,0.264,5.44,0.516
753,3.968,0.516,18.24,2.084
755,1.984,0.405,6.464,0.373
761,40.128,0.286,81.472,1.105
764,7.808,0.362,20.8,1.319
773,20.672,0.543,60.992,2.111
788,0.091,0.009,0.303,0.027
795,21.312,1.105,58.432,1.506
799,0.052,0.005,0.173,0.008
803,4.416,0.345,7.232,0.345
809,0.256,0.091,1.28,1.421
815,10.24,1.042,25.408,2.485
816,23.808,2.064,90.944,3.238
820,16.384,0.453,31.68,2.146
824,15.36,0.516,40.128,1.747
825,22.272,0.773,74.88,3.035
829,6.016,0.181,17.344,0.779
830,0.06,0.014,0.131,0.015
834,0.768,0.326,1.088,0.547
836,0.256,0.091,0.32,0.091
840,51.136,3.203,76.544,5.633
841,5.76,0.962,17.408,0.516
845,0.896,0.272,2.368,0.73
856,0.128,0.143,0.896,0.771
867,1.485,0.076,2.614,0.706
869,19.328,0.181,110.464,0.572
878,0.256,0.143,0.384,0.143
906,0.223,0.014,0.398,0.02
907,107.904,0.453,158.08,1.924
909,0.32,0.143,0.832,0.32
914,2.176,0.143,6.656,0.653
927,9.152,1.159,27.968,1.243
929,0.196,0.028,0.801,0.1
936,0.908,0.22,1.438,0.065
938,9.152,0.516,30.976,1.382
942,2.624,0.272,4.992,1.358
946,27.008,1.231,48.512,3.353
973,22.208,0.264,89.984,2.12
974,1.728,0.286,3.2,1.118
999,0.768,0.091,6.656,0.528
1009,275.648,2.096,356.672,4.39
1025,0.896,0.091,2.624,0.143
1036,32.832,0.551,100.096,2.319
1039,7.488,0.466,42.688,6.919
1042,17.152,2.052,25.024,1.319
1046,36.608,0.547,114.368,2.896
1051,0.128,0.091,0.32,0.32
1073,0.192,0.091,0.512,1.09
1076,0.055,0.003,0.161,0.016
1085,5.76,0.143,19.2,0.181
1086,12.416,1.398,22.592,4.914
1087,22.272,2.073,27.584,2.146
1088,0.128,0.091,0.192,0.091
1096,0.192,0.091,0.32,0.58
1097,0.087,0.024,0.794,0.467
1102,0.079,0.016,0.187,0.078
1112,0.237,0.012,0.442,0.017
1114,2.816,0.143,4.8,0.547
1120,3.456,0.63,9.088,3.923
1122,6.08,0.181,18.752,0.979
1123,17.28,0.832,32.128,3.598
1125,5.568,0.81,18.112,5.769
1126,9.6,0.749,20.288,1.708
1128,0.158,0.102,0.295,0.03
1129,0.512,0.264,0.96,0.264
1141,6.912,0.091,20.096,0.516
1145,1.6,0.547,32.192,4.207
1148,14.976,0.63,49.344,3.014
1150,24.832,0.87,61.632,6.085
1152,161.088,2.211,274.88,4.108
1153,2.56,0.453,9.024,5.924
1154,0.104,0.025,0.193,0.02
1156,63.488,0.373,189.056,3.238
1157,9.28,0.091,170.56,2.318
1159,1.6,0.181,18.24,2.56
1167,7.552,1.946,24.576,2.473
1190,1.792,0.143,7.168,1.094
1192,27.648,2.308,42.24,9.663
1196,103.36,1.28,162.944,4.04
1197,9.408,0.487,23.744,2.235
1200,7.296,0.345,27.712,2.382
1204,1.024,0.181,3.712,1.549
1211,0.276,0.047,0.763,0.536
1213,12.416,0.63,20.224,0.91
1218,4.096,0.181,9.472,0.692
1221,2.176,0.231,6.08,0.572
1223,0.341,0.126,0.974,0.451
1235,139.392,0.466,189.952,0.487
1244,22.656,1.462,57.28,8.772
1279,11.904,0.453,37.76,1.494
1288,100.224,0.516,318.592,2.052
1289,0.263,0.017,0.681,0.043
1291,6.848,0.272,15.296,0.834
1298,1.664,0.779,3.904,0.231
1303,7.936,0.181,21.248,2.064
1306,3.072,0.181,7.296,2.834
1308,0.058,0.007,0.215,0.026
1318,48.64,1.438,185.856,7.707
1346,2.176,0.143,4.544,0.231
1359,0.107,0.015,0.258,0.154
1382,3.2,1.64,7.808,6.936
1384,31.104,1.175,49.152,2.073
1385,15.296,0.143,51.776,2.064
1390,7.296,0.59,17.728,2.58
1396,15.104,0.607,20.992,0.41
1404,0.704,0.32,1.408,0.59
1406,7.808,0.231,19.968,0.547
1416,1.536,0.143,3.456,0.968
1419,10.496,0.181,122.496,0.547
1425,3.392,0.181,10.432,0.653
1432,17.024,1.132,38.72,3.183
1435,0.704,0.32,1.216,0.32
1439,2.176,0.842,8.32,1.988
1440,2.752,0.143,24.384,1.032
1443,1.152,0.143,2.496,0.898
1446,9.216,0.604,33.536,5.971
1447,11.136,0.32,22.72,0.59
1449,22.656,0.405,33.216,0.5
1452,6.272,0.373,12.16,1.012
1453,0.192,0.091,0.192,0.453
1456,17.6,0.689,47.872,2.851
1458,54.336,1.034,81.728,3.35
1461,0.301,0.367,0.461,0.449
1463,0.128,0.091,0.192,0.091
1467,7.296,0.231,26.816,1.605
1468,10.496,0.453,51.136,4.736
1472,6.144,0.272,15.744,0.87
1481,0.384,0.091,1.408,0.326
1492,1.664,0.181,4.096,0.373
1515,37.184,1.569,70.72,3.414
1518,0.384,0.091,1.088,0.264
1524,16.32,0.41,27.392,1.909
1533,85.376,0.181,99.776,0.5
1540,16.128,0.64,55.424,2.262
1541,10.56,0.091,26.24,0.231
1546,13.312,2.049,21.632,1.026
1551,12.16,0.547,29.44,0.5
1552,18.816,1.521,48.32,6.416
1553,0.512,0.091,0.96,0.143
1558,10.88,3.726,27.584,8.404
1559,12.608,0.689,32.384,3.471
1561,8.448,0.462,22.656,1.895
1566,0.031,0.009,0.074,0.06
1567,5.312,0.462,17.152,1.134
1574,58.24,1.059,107.904,2.319
1578,6.336,0.231,20.544,1.168
1579,25.28,0.962,73.472,4.16
1580,15.168,1.548,38.848,4.228
1586,54.272,1.088,90.56,3.328
1588,0.192,0.091,0.384,0.091
1590,30.592,0.889,69.504,3.765
1601,8.768,0.345,48.512,4.608
1603,4.672,1.28,11.264,2.639
1604,9.664,2.064,28.8,3.727
1606,53.376,0.345,88.576,0.286
1609,1.472,0.091,12.672,3.203
1611,29.312,0.453,35.264,3.795
1614,63.36,1.62,215.04,4.236
1623,25.024,0.286,66.112,0.707
1624,39.68,0.692,101.824,0.5
1625,10.048,0.091,16.128,0.091
1626,23.36,0.968,30.336,4.505
1628,22.336,0.272,36.608,1.336
1634,0.768,0.143,1.408,0.181
1635,0.32,0.091,0.512,0.202
1636,0.768,0.181,2.048,0.272
1637,1.536,0.59,4.736,3.078
1642,28.352,2.284,82.88,8.14
1643,1.92,1.056,4.224,2.166
1646,97.984,1.783,129.024,8.382
1648,8.448,1.361,22.4,3.131
1649,0.075,0.016,0.617,0.013
1650,1.92,0.231,5.376,2.064
1651,3.84,0.231,8.512,0.653
1652,23.936,0.345,67.712,0.781
1653,22.464,2.961,62.848,1.404
1655,16.128,1.35,67.136,4.926
1656,28.416,0.905,182.784,2.111
1657,4.992,0.63,13.312,5.221
1659,0.192,0.181,0.768,0.143
1660,30.144,0.916,53.888,0.345
1661,13.376,0.773,36.672,2.336
1662,0.07,0.018,0.419,0.142
1663,10.624,0.143,35.968,0.968
1664,1.408,0.143,3.52,1.296
1665,0.064,0.091,0.192,0.091
1667,12.8,0.889,27.2,2.127
1676,30.784,0.779,52.8,0.181
1678,1.92,1.056,4.288,1.094
1679,1.408,0.286,4.544,0.889
1680,0.128,0.091,0.128,0.453
1683,1.6,0.091,3.904,0.466
1687,13.952,2.159,32.384,8.693
1690,1.344,0.32,3.2,2.382
1693,4.608,0.572,10.496,3.724
1694,0.167,0.013,0.388,0.158
1698,15.552,0.231,28.416,0.286
1700,5.376,0.842,23.744,5.443
1701,1.088,0.231,3.392,0.716
1704,6.592,0.231,9.664,0.286
1709,1.6,0.143,3.456,0.231
1711,4.48,0.181,5.952,0.143
1712,65.088,0.41,307.648,2.382
1714,10.816,0.59,23.616,1.864
1717,3.328,0.181,14.656,0.87
1719,0.222,0.017,1.047,0.161
1730,13.76,0.977,31.04,3.326
1731,7.936,0.286,15.808,1.073
1733,7.424,0.405,36.864,3.379
1734,4.352,0.487,46.72,2.817
1736,0.128,0.091,0.128,0.143
1740,32.32,1.275,63.616,4.409
1741,0.069,0.016,0.578,0.128
1742,10.624,1.086,52.16,11.394
1743,9.152,0.286,21.824,1.404
1747,2.423,0.047,2.936,0.346
1760,0.32,0.181,0.576,0.143
1791,0.286,0.079,1.235,0.541
1806,15.744,0.462,31.232,1.145
1807,26.432,0.746,58.048,3.525
1815,10.816,0.181,19.776,0.466
1819,17.92,1.223,52.992,0.59
1830,129.344,2.898,155.072,3.341
1851,0.128,0.143,1.152,0.32
1883,3.584,0.202,17.344,2.561
1885,24.96,1.012,61.632,3.477
1886,3.648,0.091,275.712,2.057
1922,1.856,0.143,16.192,4.551
1924,6.336,0.5,26.56,3.304
1934,3.392,0.231,9.408,1.105
1953,0.384,0.143,2.816,0.634
1956,4.096,0.264,14.016,1.494
1967,10.112,0.345,25.408,2.136
1968,0.256,0.143,0.704,0.345
1973,0.256,0.091,0.448,0.202
1974,4.032,0.181,7.232,0.231
1982,25.472,4.104,109.824,6.177
1989,136.576,1.056,272.448,1.243
1991,60.8,0.724,70.912,3.845
1993,20.864,0.516,30.464,1.866
1997,17.024,0.462,60.224,2.305
2003,0.126,0.014,0.522,0.18
2018,6.592,0.429,16.128,3.849
2019,12.032,0.231,21.696,0.547
2029,1.088,1.026,1.152,1.026
2035,1.664,0.516,5.056,0.771
2037,3.584,1.988,6.272,0.181
2039,0.832,0.143,1.6,0.231
2040,0.467,0.068,1.112,0.193
2041,1.408,0.231,5.44,1.985
2043,0.192,0.091,0.512,0.143
2044,1.344,0.326,6.4,4.487
2047,12.224,0.286,41.088,2.064
2049,0.128,0.091,0.128,0.143
2053,0.896,0.143,15.36,2.68
2056,1.216,0.143,1.792,0.389
2061,73.152,0.231,174.656,2.127
2067,6.912,0.181,30.848,0.516
2068,0.092,0.007,0.591,0.06
2069,30.528,2.462,48.384,2.189
2070,23.552,1.723,55.232,3.096
2074,18.112,0.462,83.584,2.127
2077,25.472,1.065,62.528,4.984
2079,7.36,1.785,21.888,2.382
2080,22.72,0.091,53.76,0.653
2081,4.096,0.272,15.68,1.421
2083,7.552,0.091,15.168,0.231
2087,2.752,0.202,10.112,0.792
2090,8.64,0.091,38.144,0.143
2093,20.032,1.833,58.112,1.82
2095,0.024,0.009,0.216,0.021
2099,1.28,0.181,2.56,0.231
2101,14.272,0.5,30.208,1.336
2102,3.584,0.202,11.52,0.792
2103,0.256,0.181,1.024,0.405
2105,1.664,0.231,3.392,0.689
2106,7.872,0.231,26.048,0.634
2110,7.488,0.272,18.752,0.771
2111,15.04,0.373,29.056,0.462
2112,82.304,0.63,208.128,3.138
2114,2.688,0.59,7.168,0.779
2115,0.281,0.034,0.508,0.029
2117,0.384,0.181,0.64,0.286
2119,5.504,0.405,15.296,3.845
2121,0.199,0.065,16.256,1.026
2122,37.376,0.945,120.64,6.235
2123,8.512,0.231,21.952,0.979
2125,0.125,0.004,0.223,0.013
2126,0.165,0.011,0.401,0.061
2129,9.472,0.32,12.416,0.932
2132,0.026,0.01,0.09,0.029
2133,2.112,0.231,3.904,0.462
2138,11.968,0.143,77.248,8.4
2140,6.784,0.462,19.072,4.834
2142,1.131,0.082,2.063,0.341
2143,11.648,0.802,22.272,0.516
2145,0.192,0.143,0.768,0.405
2146,0.089,0.032,0.248,0.04
2148,46.656,0.373,61.376,2.631
2149,49.152,0.854,80.128,0.634
2151,1.024,0.091,19.2,2.561
2152,2.24,0.286,4.416,1.664
2155,0.418,0.035,0.708,0.08
2156,92.032,1.275,154.432,0.345
2159,0.026,0.006,0.051,0.018
2160,11.072,1.82,123.136,2.235
2161,0.04,0.009,0.177,0.083
2163,0.229,0.029,0.391,0.023
2167,0.128,0.091,0.128,0.091
2169,7.424,0.547,14.528,2.273
2181,18.176,1.358,96.704,2.521
2187,8,0.453,22.528,2.29
2188,51.008,0.345,74.368,3.126
2189,8.832,0.59,20.544,1.943
2190,40,0.634,135.872,7.191
2191,7.36,0.932,25.28,3.051
2193,42.304,0.716,135.168,2.886
2197,12.16,0.64,39.936,3.051
2201,0.129,0.012,0.38,0.065
2202,9.088,0.429,17.024,2.146
2203,3.264,0.405,15.104,3.392
2204,11.2,2.096,23.04,2.073
2205,0.576,0.202,1.152,0.607
2206,0.203,0.035,0.602,0.114
2207,1.728,0.231,3.2,0.462
2210,0.057,0.014,0.124,0.014
2211,68.032,0.41,84.224,0.63
2213,51.648,0.202,61.888,0.32
2217,0.321,0.029,0.656,0.029
2219,4.224,0.59,11.2,1.909
2220,0.123,0.024,0.951,0.322
2228,30.272,1.611,90.112,1.669
2230,4.864,1.056,7.36,2.166
2232,6.4,0.143,56.512,3.265
2233,6.4,1.664,14.208,4.222
2240,20.8,1.056,42.208,3.328
2244,229.76,2.009,261.792,5.41
2252,12.672,0.405,35.328,6.725
2253,11.52,0.389,19.648,0.143
2254,1.92,0.143,5.44,0.516
2265,0.256,0.018,0.456,0.034
2267,5.568,0.264,14.08,0.73
2268,0.416,0.011,1.954,0.129
2273,0.096,0.07,0.224,0.066
2276,57.76,1.175,119.136,1.056
2277,36.416,2.759,69.504,1.684
2283,1.92,0.091,2.24,0.326
2287,246.528,1.18,461.984,2.347
2288,0.256,0.091,0.448,0.091
2291,0.064,0.091,0.064,0.091
2298,31.68,0.73,70.016,4.184
2304,17.888,1.094,54.304,2.522
2306,3.968,0.643,21.12,8.257
2309,12.864,0.143,20.48,0.202
2310,14.624,1.056,26.912,1.448
2311,8.928,1.118,26.4,5.446
2312,0.112,0.018,0.272,0.133
2315,9.536,0.181,19.328,0.231
2316,11.456,0.091,29.184,0.286
2317,0.448,0.091,0.896,0.091
2320,0.248,0.011,0.608,0.041
2321,3.2,0.091,8.384,0.58
2324,27.456,0.81,92.704,3.746
2325,16.448,0.326,22.528,0.653
2326,0.032,0.025,0.088,0.025
2327,0.96,0.181,2.496,1.988
2328,17.536,0.668,53.984,1.448
2329,7.36,0.091,22.144,0.091
2330,0.088,0.006,0.804,0.009
2332,0.024,0.009,0.052,0.156
2340,11.584,0.143,22.464,0.091
2344,13.632,1.026,31.52,3.543
2345,52.736,1.793,88.96,5.186
2346,37.824,0.5,83.104,1.056
2347,4.032,0.202,12.16,2.063
2349,1.696,0.279,4.032,0.143
2352,0.64,0.178,0.96,0.256
2353,0.408,0.033,1.008,0.04
2357,0.232,0.011,0.424,0.051
2358,0.96,0.091,1.28,0.091
2360,0.2,0.036,0.568,0.193
2362,27.216,0.193,45.328,0.84
2365,0.576,0.389,1.536,0.604
2367,6.336,0.707,18.816,0.643
2368,1.815,0.17,4.135,0.954
2371,6.464,0.091,18.112,0.202
2372,0.072,0.043,0.256,0.103
2373,13.952,1.605,52.512,2.807
2375,35.712,5.194,67.84,3.756
2377,0.264,0.011,0.496,0.011
2380,44.608,1.421,81.984,2.263
2381,1.627,0.181,4.096,0.792
2382,0.832,0.143,1.92,0.528
2383,22.4,0.264,50.944,1.154
2384,0.128,0.091,0.192,0.091
2385,6.912,1.444,17.856,0.951
2387,12.992,0.202,41.984,1.218
2391,6.016,0.689,13.92,2.233
2392,7.36,0.854,20.48,5.638
2393,1.792,0.091,5.134,0.066
2394,60.288,7.617,140.064,6.004
2395,0.064,0.091,0.128,0.091
2401,1.472,0.264,3.2,0.516
2405,25.088,1.605,64.014,9.926
2412,0.576,0.143,1.407,0.346
2419,33.152,10.119,76.256,7.177
2423,4.608,0.143,11.52,0.724
2424,1.846,0.836,2.47,0.828
2428,13.376,0.516,144.928,5.209
2429,20.608,0.487,86.24,4.409
2430,11.136,0.977,28.096,5.641
2431,0.832,0.091,2.776,0.129
2432,4.48,0.202,13.632,2.369
2434,0.192,0.091,0.32,0.091
2435,100.416,5.633,196.64,1.118
2436,24.576,0.143,33.28,0.091
2437,4.16,0.32,15.904,4.346
2438,4.992,0.143,18.4,1.28
2440,27.264,0.749,62.944,1.118
2441,25.12,5.345,58.4,4.971
2442,12.608,0.516,23.68,0.792
2443,5.632,0.143,28.896,1.541
2446,4.736,0.091,8.256,0.547
2447,33.088,1.134,64.288,1.541
2448,0.44,0.051,0.768,0.521
2449,0.096,0.011,0.208,0.058
2450,11.904,0.202,45.888,0.264
2451,17.984,0.181,35.008,0.453
2452,10.368,0.286,22.976,1.18
2453,2.88,0.231,10.112,2.631
2454,0.632,0.097,1.359,0.218
2458,2.208,0.011,4.976,0.132
2460,1.66,0.066,4.352,0.453
2463,0.064,0.091,0.064,0.091
2464,0.028,0.006,0.048,0.024
2472,17.344,1.319,41.696,3.912
2476,14.4,0.143,31.68,0.5
2477,7.552,0.643,15.872,4.482
2482,11.904,0.286,35.584,4.037
2484,4.48,0.362,11.392,1.37
2485,0.128,0.011,0.176,0.025
2487,0.128,0.036,0.336,0.069
2495,20.672,0.326,38.08,1.042
2496,17.472,2.136,36.512,3.083
2500,39.168,0.551,70.912,1.35
2502,0.2,0.023,0.512,0.051
2504,0.128,0.091,0.128,0.091
2505,18.912,1.145,65.056,4.971
2508,24.96,5.318,29.184,1.27
2510,5.056,0.389,15.552,2.057
2511,32.192,0.58,64.288,8.402
2512,0.112,0.011,0.359,0.075
2513,0.448,0.091,1.408,0.202
2514,0.112,0.011,0.2,0.094
2515,2.848,1.042,10.528,1.494
2519,62.848,0.834,90.24,2.755
2522,56.704,0.091,83.072,0.231
2523,0.312,0.018,0.68,0.115
2528,9.12,26.627,61.92,3.789
2529,0.192,0.091,0.256,0.091
2530,81.6,0.181,194.88,0.516
2533,25.984,0.202,74.304,5.314
2536,0.128,0.091,0.128,0.091
2537,3.008,0.091,4.8,0.091
2541,35.808,1.208,89.376,6.103
2542,13.056,0.143,45.344,1.056
2551,28.128,1.073,63.392,4.331
2560,6.08,0.326,17.792,0.81
2564,0.128,0.091,0.256,0.091
2569,8.832,0.58,23.68,1.675
2570,6.208,0.143,13.824,1.793
2581,51.264,0.905,104.352,5.473
2583,0.128,0.091,0.256,0.091
2585,0.448,0.091,0.832,0.091
2586,7.936,0.091,12.864,0.264
2589,31.072,1.056,55.968,1.448
2593,9.216,0.389,29.888,1.094
2597,0.136,0.011,0.256,0.018
2599,0.064,0.011,0.176,0.062
2600,9.792,0.231,31.808,1.214
2603,9.408,0.091,24.704,0.326
2606,47.232,0.181,134.688,1.145
2608,15.552,0.143,29.472,1.145
2610,30.848,1.547,48.704,4.608
2611,1.088,0.051,12.212,0.064
2614,0.088,0.011,0.296,0.057
2615,0.012,0.006,0.028,0.009
2619,36.288,0.5,152.064,1.002
2620,6.016,0.264,18.88,2.376
2623,1.792,0.091,3.392,0.143
2628,1.728,0.091,5.888,0.091
2632,0.48,0.025,1.443,0.093
2633,0.672,0.072,1.408,0.091
2634,12.288,0.5,58.656,1.846
2636,14.464,1.134,31.296,0.746
2640,2.688,0.202,25.984,2.503
2641,1.152,0.453,2.304,0.859
2649,0.128,0.091,0.256,0.091
2660,6.464,0.345,16.896,2.057
2662,6.336,0.264,16.128,0.854
2663,5.376,0.345,12.224,1.581
2664,12.48,0.689,35.168,2.243
2665,10.432,0.898,30.592,2.435
2671,9.344,1.319,31.456,5.976
2677,0.896,0.264,2.176,2.371
2679,0.192,0.091,0.256,0.091
2680,2.547,0.066,5.376,0.143
2681,18.368,0.286,55.456,1.056
2688,11.584,0.968,35.712,4.61
2690,0.128,0.009,0.2,0.029
2691,11.648,0.781,26.752,4.292
2693,0.164,0.091,0.188,0.122
2695,14.208,1.09,33.376,7.505
2696,17.28,0.181,45.568,0.41
2697,4.736,0.264,13.696,0.749
2700,32.64,0.143,57.92,0.543
2701,0.32,0.105,0.636,0.405
2703,22.592,0.286,57.664,1.223
2706,8.128,0.143,21.76,1.159
2709,8.96,0.202,18.496,0.905
2711,87.552,0.572,124.864,1.669
2715,0.192,0.091,0.384,0.091
2719,7.872,0.389,34.88,3.329
2725,3.264,1.026,11.328,9.089
2727,47.168,1.118,64.288,5.34
2728,1.421,0.011,2.029,0.064
2732,6.624,1.032,24.864,1.793
2736,1.585,0.011,5.065,0.193
2748,0.192,0.091,0.384,0.091
2749,2.368,0.326,17.856,2.34
2750,4.672,0.345,11.136,2.823
2751,8.064,1.118,20.544,5.841
2753,8.64,0.143,21.76,0.601
2755,0.056,0.011,0.144,0.025
2757,0.064,0.091,0.064,0.091
2760,1.792,0.143,4.672,0.528
2767,26.624,1.478,33.216,0.792
2770,26.88,0.604,181.088,1.954
2774,11.264,0.716,55.136,3.43
2775,13.248,1.632,31.648,4.036
2776,1.536,0.202,1.953,1.312
2780,15.232,0.453,53.632,1.665
2788,0.48,0.025,0.872,0.049
2790,29.824,0.091,45.248,0.326
2793,2.304,0.091,6.976,0.707
2795,0.112,0.011,0.232,0.033
2797,2.688,0.091,8.832,0.202
2798,9.024,0.091,49.152,1.223
2799,0.782,0.072,3.214,0.198
2800,0.32,0.091,0.448,0.231
2801,0.064,0.091,0.256,0.091
2810,1.104,0.072,2.41,0.202
2812,14.144,0.091,30.656,0.516
2814,0.064,0.091,0.064,0.091
2815,105.024,0.572,131.744,1.614
2821,0.152,0.011,0.392,0.029
2823,0.064,0.023,0.176,0.082
2825,12.833,2.388,32.096,11.685
2828,0.24,0.045,0.581,0.13
2830,1.472,0.202,3.264,0.264
2831,66.048,0.264,150.144,0.143
2834,0.16,0.011,0.68,0.011
2843,6.72,0.272,11.136,1.032
2844,1.88,0.054,2.752,0.264
2846,0.04,0.011,0.064,0.011
2848,2.432,0.326,7.232,1.012
2849,0.437,0.13,1.261,0.702
2850,0.896,0.091,2.24,0.202
2851,1.024,0.143,2.368,0.373
2852,12.48,0.091,33.28,0.091
2853,5.056,0.091,13.984,1.056
2855,13.184,0.143,42.496,1.833
2856,56.512,0.091,119.872,0.143
2857,10.08,1.175,24.544,1.361
2860,1.08,0.036,1.463,0.068
2861,0.799,0.066,1.599,0.072
2862,27.04,1.145,41.824,3.178
2863,16.128,0.779,42.624,2.21
2864,9.472,0.32,30.944,3.851
2873,0.044,0.011,0.084,0.516
2877,28.992,0.607,114.112,1.088
2879,0.08,0.033,0.176,0.169
2880,1.843,0.066,6.115,0.257
2881,34.496,0.326,70.336,1.409
2889,20.608,0.091,75.904,3.138
2890,23.936,0.202,51.584,3.014
2891,16.064,0.091,60.736,0.771
2892,0.104,0.018,0.288,0.064
2893,3.776,0.373,10.336,1.541
2894,1.6,0.091,3.776,0.405
2896,0.144,0.011,0.456,0.033
2897,18.112,0.143,28.032,1.218
2898,6.72,0.653,14.976,1.669
2900,3.552,1.056,18.144,2.146
2901,9.984,0.528,28.416,3.274
2910,0.128,0.091,0.32,0.326
2913,19.392,0.091,22.912,1.463
2916,5.632,0.202,10.144,1.145
2917,3.968,1.664,11.872,2.764
2918,0.256,0.091,0.448,0.091
2919,4.032,0.091,20.32,1.208
2922,54.784,0.345,160.768,0.466
2924,108.032,0.462,137.088,1.958
2925,7.552,1.034,17.152,2.763
2927,7.776,0.89,34.336,7.938
2929,14.08,0.143,42.752,0.453
2931,13.888,0.373,46.496,2.347
2932,3.974,0.737,9.12,1.243
2933,0.192,0.091,0.32,0.091
2939,18.56,0.264,47.168,0.834
2944,2.88,0.091,5.184,0.202
2945,0.896,0.033,3.392,0.143
2947,9.408,0.453,21.92,1.793
2948,48.768,1.196,101.216,4.284
2950,12.992,0.429,27.584,2.44
2951,2.305,0.066,4.864,0.091
2952,0.184,0.018,0.68,0.018
2953,11.2,0.091,16.832,0.771
2958,28.576,1.026,36.896,1.175
2961,51.136,1.68,88.64,2.525
2964,0.08,0.023,0.2,0.058
2966,0.136,0.011,0.312,0.011
2973,0.261,0.068,0.637,0.075
2975,0.072,0.057,0.24,0.088
2977,0.256,0.091,0.576,0.091
2978,0.088,0.011,0.36,0.088
2980,1.164,0.109,2.884,0.925
2984,11.776,0.091,32.832,2.347
2985,13.696,0.362,31.104,3.605
2986,1.552,0.101,4.032,0.528
2987,0.128,0.091,0.64,0.286
2988,0.256,0.091,4.672,0.091
2990,4.832,1.032,11.232,4.12
2992,11.84,3.693,16.832,5.633
2993,17.664,0.516,44.8,1.09
2994,15.36,0.389,48.576,3.905
2995,0.104,0.011,0.704,0.136
2996,22.144,1.478,50.848,5.033
2998,9.728,0.345,33.056,9.567
3001,12.48,0.091,29.696,1.094
3003,10.752,0.453,37.632,3.853
3005,8.96,0.716,26.88,6.085
3011,23.232,1.431,49.664,5.957
3012,6.144,0.202,9.92,0.59
3015,11.2,0.286,26.752,1.177
3016,3.392,0.345,10.304,1.391
3017,30.4,0.429,75.552,2.639
3026,3.84,0.466,11.008,1.498
3027,0.042,0.006,0.12,0.02
3028,1.549,0.132,4.285,2.468
3029,19.968,1.379,44.736,3.201
3032,8.064,0.362,13.12,1.548
3035,35.776,0.516,88.448,0.5
3036,1.024,0.311,4.544,1.537
3037,0.018,0.008,0.048,0.013
3038,0.28,0.011,0.464,0.011
3039,1.664,0.091,3.635,0.08
3040,11.136,0.516,25.984,2.497
3042,100.16,0.143,181.952,0.181
3043,0.056,0.011,0.104,0.018
3051,0.054,0.004,0.136,0.017
3055,19.264,0.345,40.64,3.078
3056,9.92,0.091,36.32,1.319
3057,13.376,0.091,34.88,0.453
3062,8.128,0.181,23.648,3.353
3066,0.088,0.011,0.176,0.018
3067,8.256,0.091,66.976,1.032
3068,1.856,0.143,4.096,0.32
3070,7.488,0.272,20.704,1.243
3071,26.432,0.202,71.328,1.118
3072,3.968,0.389,8.704,1.527
3073,0.028,0.006,0.056,0.006
3074,17.6,1.843,43.2,4.25
3075,33.024,0.202,43.584,1.032
3076,42.496,0.547,84.16,1.833
3078,0.112,0.011,0.224,0.033
3080,29.824,0.264,48.608,1.9
3084,4.928,0.143,9.6,0.551
3085,4.16,0.854,11.264,2.263
3087,0.32,0.091,1.152,0.091
3088,1.984,0.143,5.184,0.231
3091,4.736,0.202,9.472,0.58
3093,36.416,0.286,89.344,1.236
3094,0.32,0.086,0.432,0.087
3096,2.624,0.091,6.976,0.32
3099,13.248,0.547,31.232,2.409
3100,19.2,0.389,45.248,0.41
3101,8.384,0.091,37.376,3.137
3102,14.976,0.286,37.056,1.19
3103,38.72,0.779,53.824,0.973
3105,13.376,0.143,27.712,0.202
3109,13.568,0.181,34.496,1.087
3110,4.928,0.143,10.176,0.389
3113,0.464,0.011,0.976,0.023
3114,0.512,0.091,0.896,0.264
3115,4.032,0.091,45.312,0.143
3118,0.136,0.018,0.232,0.043
3119,13.568,0.59,35.584,0.59
3120,9.664,0.345,18.848,2.319
3121,0.304,0.041,0.792,0.064
3125,8.64,0.143,23.296,1.386
3127,6.144,0.577,13.088,1.056
3128,14.144,0.091,32.192,0.143
3129,8.832,0.63,20.128,1.448
3130,8.96,0.63,18.496,1.305
3131,9.472,0.181,48.352,1.28
3132,14.784,0.516,20.736,1.282
3134,4.672,0.264,13.472,1.639
3135,34.464,1.042,49.248,1.361
3136,4.832,1.073,19.552,7.633
3137,0.04,0.011,0.064,0.011
3138,2.24,0.091,5.184,0.091
3139,2.56,0.547,6.08,1.404
3141,1.194,0.208,2.29,0.584
3142,8.448,2.652,33.088,4.128
3143,1.619,0.075,4.147,0.273
3144,3.456,0.916,6.656,2.515
3146,1.323,0.072,1.963,0.763
3152,0.128,0.091,1.793,0.066
3153,14.656,0.5,32.032,3.226
3155,1.28,0.091,4.928,2.691
3156,197.408,1.056,300,1.319
3159,13.952,9.088,18.24,0.272
3160,2.432,1.314,3.072,1.433
3163,17.344,0.091,25.088,1.203
3164,2.88,0.326,7.488,0.854
3166,2.112,0.231,5.504,0.73
3167,1.856,0.516,3.872,1.094
3168,6.592,0.429,18.08,1.073
3171,34.112,0.466,57.216,0.979
3173,0.088,0.011,0.208,0.025
3174,9.664,0.362,20.128,1.361
3177,2.176,0.202,6.688,2.233
3178,6.144,0.143,39.936,4.352
3193,16.64,1.056,64.064,16.515
3212,11.808,1.042,83.424,2.521
3215,0.128,0.091,0.64,0.091
3217,16.64,0.716,44.832,1.541
3218,0.04,0.011,0.096,0.011
3220,26.272,1.404,100.448,7.621
3227,20.736,0.091,115.328,0.181
3229,6.08,0.898,20.736,0.905
3237,6.72,0.143,46.24,1.639
3238,6.4,0.143,20.928,0.528
3241,12.992,0.091,45.44,0.091
3242,2.688,0.091,8.576,0.143
3245,34.24,0.091,77.056,0.091
3246,13.952,0.181,54.464,4.164
3247,46.848,0.659,200.704,2.57
3248,59.264,1.105,84.16,3.165
3251,38.144,0.773,49.024,0.272
3253,28.544,0.091,56,0.143
3255,20.16,0.091,34.88,0.653
3256,60.16,1.032,96.576,8.384
3257,22.592,0.326,63.616,0.834
3259,15.168,0.453,48.448,1.669
3266,0.144,0.023,0.61,0.233
3267,18.24,2.788,54.336,11.916
3269,4.352,0.63,13.888,0.516
3276,6.176,3.083,20.192,2.347
3278,0.768,0.264,1.408,7.648
3279,27.008,0.32,41.056,1.954
3280,1.344,0.202,3.392,1.346
3282,0.034,0.008,0.078,0.014
3283,9.152,0.286,45.824,1.409
3284,1.152,0.264,5.056,1.18
3286,1.216,0.143,2.368,0.58
3287,7.68,0.091,33.408,1.154
3290,3.456,0.091,43.648,0.264
3292,77.632,1.93,113.952,4.845
3293,0.192,0.091,0.256,0.143
3294,1.056,0.023,2.389,0.072
3297,0.096,0.023,0.272,0.023
3301,12.288,0.286,36.096,1.408
3306,72.96,0.41,108.512,1.361
3307,26.4,1.145,42.976,1.28
3308,0.32,0.091,0.512,0.091
3319,171.968,1.026,206.272,5.889
3320,18.752,0.32,42.624,1.214
3321,7.936,0.272,22.912,1.12
3322,11.36,1.042,26.72,4.845
3323,0.176,0.023,0.448,0.115
3324,15.872,1.059,37.824,7.38
3330,32.576,0.389,61.952,1.921
3333,0.02,0.006,0.052,0.016
3335,0.614,0.066,1.254,0.08
3336,92.096,0.181,152.8,1.056
3338,0.04,0.006,0.108,0.016
3339,20.768,2.319,51.68,5.044
3340,0.44,0.128,1.016,0.421
3342,0.052,0.006,0.116,0.02
3345,5.504,0.143,40.416,1.208
3347,19.808,1.094,61.216,6.292
3349,0.192,0.091,0.384,0.091
3350,4.8,0.689,13.056,6.272
3351,39.104,0.264,102.912,1.62
3352,16.512,0.181,46.336,0.73
3356,2.432,0.181,5.952,0.91
3358,10.048,0.373,25.024,3.338
3359,0.176,0.011,0.344,0.025
3364,13.088,1.073,39.648,4.098
3369,21.632,1.18,49.696,2.176
3370,5.92,1.032,38.432,7.232
3374,0.88,0.082,2.284,0.504
3378,4.568,0.311,9.728,0.842
3379,0.288,0.023,0.608,0.051
3384,0.02,0.006,0.056,0.028
3403,15.168,0.604,31.84,1.361
3405,18.688,1.484,67.392,19.245
3407,43.456,0.264,91.36,2.176
3408,21.952,0.091,58.56,1.026
3410,0.056,0.006,0.116,0.006
3412,0.012,0.006,0.068,0.006
3415,26.368,0.091,54.336,0.264
3416,13.024,3.358,37.408,4.471
3431,0.24,0.036,0.496,0.082
3436,9.472,0.143,40,0.746
3437,0.168,0.011,0.344,0.064
3439,89.408,0.547,150.784,1.669
3441,0.096,0.036,0.24,0.115
3448,96.512,3.912,331.232,10.801
3458,136.384,5.056,673.824,2.049
3465,7.808,0.41,17.056,3.278
3471,3.36,1.073,19.808,3.482
3472,4.096,0.32,15.936,3.343
3473,0.064,0.091,0.128,0.091
3476,1.152,0.091,2.432,0.202
3477,0.821,0.066,1.461,0.326
3480,3.648,0.143,9.15,0.257
3481,3.776,0.091,40.768,0.091
3485,30.496,1.094,114.464,4.346
3486,49.6,0.528,67.776,1.118
3487,0.266,0.068,0.642,0.196
3488,53.952,0.091,60.224,0.779
3489,8.704,0.091,33.056,3.36
3491,4.48,0.091,13.952,0.091
3493,59.072,3.291,83.008,6.789
3494,0.896,0.091,1.408,0.091
3502,0.208,0.023,0.416,0.023
3503,3.648,0.181,26.4,2.073
3505,11.04,1.026,17.44,1.118
3509,5.44,0.32,14.944,2.927
3510,0.138,0.066,0.266,0.218
3511,7.36,0.345,19.904,3.089
3512,9.28,0.389,29.824,1.537
3514,49.408,2.287,88.864,3.117
3515,7.936,0.58,26.816,10.049
3516,6.528,0.091,19.2,1.218
3523,35.584,0.091,59.072,0.143
3527,3.648,0.091,13.568,1.46
3528,99.84,8.336,151.456,3.605
3530,0.512,0.091,1.6,0.091
3545,0.623,0.091,1.439,0.08
3552,9.152,0.692,23.264,4.409
3567,481.984,7.923,589.536,6.988
3569,1.536,0.091,21.024,2.521
3580,8.576,0.916,25.504,3.912
3588,40.576,0.32,57.888,0.89
3593,16.96,0.264,59.072,1.921
3594,41.984,0.286,67.296,3.789
3598,1.664,0.264,6.08,2.244
3606,0.608,0.023,1.824,0.066
3608,5.12,0.143,16.896,1.921
3611,1.216,0.143,3.52,0.771
3618,50.24,0.59,90.176,3.905
3634,112.896,0.516,142.048,1.094
3637,4.224,0.091,13.184,0.516
3640,0.08,0.009,0.228,0.036
3642,0.256,0.091,0.704,0.091
3644,0.296,0.011,0.776,0.033
3648,27.84,0.264,57.088,1.86
3649,6.016,0.32,26.496,3.937
3654,3.84,0.181,11.872,1.494
3655,5.312,0.68,19.424,4.409
3658,6.528,0.091,10.56,0.202
3662,24.832,0.091,68.896,1.208
3663,162.88,0.272,204.416,0.264
3664,40.416,2.073,85.216,10.546
3665,0.036,0.003,0.076,0.003
3668,0.076,0.006,0.176,0.1
3671,33.088,3.717,70.24,24.661
3709,0.711,0.073,4.288,0.643
3711,4.288,0.091,9.984,1.409
3717,40.864,2.187,59.232,6.924
3722,0.192,0.091,0.384,0.091
3728,0.168,0.058,0.536,0.241
3733,3.52,0.572,12.64,5.538
3735,0.32,0.036,1.301,0.091
3736,0.08,0.125,0.56,0.125
3737,0.08,0.011,0.32,0.082
3740,57.6,1.421,97.344,4.935
3742,0.256,0.091,0.448,0.091
3745,24.384,0.87,84.352,2.749
3751,0.176,0.124,0.535,0.264
3765,9.472,0.143,72.576,1.346
3766,118.016,0.264,134.496,6.325
3768,9.44,1.094,51.104,5.538
3770,0.416,0.023,0.544,0.036
3771,30.848,2.376,132.256,10.546
3773,54.368,1.118,107.424,3.962
3774,0.052,0.088,0.219,0.088
3776,4.16,0.091,11.072,1.797
3779,3.008,0.286,11.328,6.408
3782,0.064,0.011,0.16,0.029
3788,21.44,0.202,65.728,1.733
3791,0.112,0.023,0.336,0.023
3792,3.392,0.604,22.048,4.637
3799,0.048,0.023,0.096,0.129
3800,9.6,0.528,22.016,0.689
3801,12.384,1.208,30.752,6.861
3803,0.006,0.001,0.015,0.001
3805,9.28,1.012,30.08,2.725
3806,36.864,1.448,62.464,1.448
3807,2.88,0.487,5.696,0.994
3810,0.044,0.006,0.076,0.013
3811,2.432,0.091,5.44,0.326
3814,0.624,0.107,3.234,1.425
3815,1.92,0.202,6.784,15.489
3819,15.744,0.466,54.976,11.266
3840,1.609,0.091,4.169,1.108
3843,12.16,0.32,50.528,8.01
3853,39.808,6.531,91.264,14.02
3860,13.184,0.286,31.488,0.389
3864,35.328,0.968,51.2,0.779
3866,1.024,0.091,4.224,1.026
3867,0.299,0.091,0.939,0.129
3868,0.128,0.091,0.128,0.091
3869,2.752,0.466,8.64,4.369
3870,2.688,0.091,8.448,0.326
3871,8.128,0.528,44.096,1.581
3875,1.728,0.143,8.384,1.473
3879,4.8,0.389,30.88,7.68
3886,10.56,0.143,12.48,0.326
3888,0.176,0.101,1.736,0.202
3889,0.028,0.006,0.06,0.006
3890,5.184,0.181,12.224,0.32
3891,3.712,0.091,41.472,1.761
3892,1.664,0.091,3.904,0.181
3893,12.736,0.091,35.648,1.09
3894,0.752,0.023,1.483,0.311
3895,0.384,0.091,0.768,0.091
3899,13.184,1.77,44.384,9.4
3900,48.384,0.716,86.72,4.935
3901,12.352,0.891,43.52,5.961
3902,0.128,0.091,0.192,0.091
3903,17.792,1.69,66.432,4.435
3904,0.016,0.004,0.036,0.01
3905,5.184,0.547,24.256,3.032
3906,6.976,0.389,20.736,3.662
3908,5.344,1.026,13.92,1.243
3909,7.424,0.487,18.304,1.18
3910,0.056,0.018,0.088,0.018
3911,30.016,1.999,62.336,17.792
3912,7.424,0.264,26.048,1.286
3913,35.392,0.231,81.088,0.905
3914,21.248,3.323,54.432,4.522
3915,0.08,0.011,0.2,0.025
3916,32.128,0.716,115.456,8.768
3917,106.112,2.819,163.712,3.494
3918,20.864,0.716,110.464,2.057
3919,0.048,0.013,0.132,0.029
3921,0.192,0.023,0.464,0.161
3924,3.392,1.326,10.464,1.59
3926,7.104,0.181,9.952,1.073
3929,8.448,0.264,28.544,4.033
3930,8.512,0.091,172.736,27.264
3931,0.064,0.091,0.064,0.091
3935,7.616,0.87,27.232,4.136
3936,1.536,0.045,2.88,0.045
3938,19.776,0.41,66.976,1.9
3939,0.576,0.023,1.717,0.066
3940,0.256,0.091,0.576,0.091
3941,10.048,2.68,52.096,9.447
3954,3.968,0.091,29.696,2.617
4039,22.528,0.264,58.816,4.994
4048,4.224,0.143,13.696,0.405
4095,1.92,0.577,4.512,1.175
4146,16.384,0.487,42.592,4.098
4157,6.464,0.272,20.032,1.669
4216,10.496,0.792,25.472,2.312
4251,4.928,0.659,13.344,7.018
4312,2.048,0.143,9.024,1.518
4327,0.064,0.091,0.128,0.091
4350,31.36,0.091,52,1.073
4368,8.384,0.091,36.48,0.091
4388,60.032,1.421,71.04,2.499
4556,2.368,0.091,13.088,1.042
4569,2.816,0.143,6.08,1.583
4653,33.632,1.026,51.68,1.28
4660,0.608,0.023,1.168,0.08
4701,12.992,0.091,74.688,0.32
4710,3.264,0.143,9.984,1.026
4744,0.128,0.091,0.128,0.091
4745,246.688,0.143,259.488,0.516
4776,0.192,0.091,0.448,0.091
4807,0.064,0.091,0.192,0.091
4814,1.38,0.066,2.964,0.066
4871,0.128,0.091,0.384,0.091
4939,7.072,1.026,20.064,1.9
4955,0.096,0.023,0.464,0.036
4959,11.008,1.346,31.328,4.868
5079,0.56,0.145,1.184,0.304
5080,6.912,0.091,9.536,0.231
5206,0.176,0.023,0.304,0.023
5212,0.256,0.023,0.384,0.097
5255,15.744,0.861,69.472,13.67
5277,0.192,0.023,0.496,0.023
5304,10.688,0.091,22.784,0.326
5305,23.936,0.547,31.584,4.533
5316,0.032,0.011,0.072,0.011
5339,0.448,0.091,0.832,0.091
5379,4.608,0.091,11.328,0.32
5387,11.904,0.405,43.2,1.797
5389,10.816,0.453,23.744,0.202
5407,28.096,0.792,75.968,3.668
5409,35.904,0.891,70.4,5.322
5411,5.184,0.389,27.136,8.013
5412,42.56,0.81,98.848,2.851
5415,8.064,0.264,25.856,1.675
5416,13.248,0.202,23.232,1.866
5417,2.496,0.091,16.064,2.113
5419,8.576,0.181,22.784,1.231
5420,20.384,1.332,51.552,5.85
5421,199.04,0.231,266.752,0.771
5423,4.032,1.921,13.312,5.773
5428,16.96,1.93,98.496,8.033
5429,155.904,0.979,200.192,3.265
5433,16.448,3.905,75.968,2.207
5434,6.72,0.528,35.04,3.117
5439,0.192,0.091,4.544,0.143
5447,11.968,0.272,55.904,1.28
5448,0.512,0.023,0.896,0.059
5450,8.32,0.264,172.16,1.903
5451,5.12,0.143,24.512,0.834
5453,0.512,0.148,0.985,0.324
5454,16.896,0.286,35.872,2.45
5456,2.048,0.143,3.904,0.643
5458,0.016,0.241,0.024,0.011
5459,0.128,0.036,0.336,0.145
5461,0.768,0.091,1.408,0.143
5463,23.552,0.59,65.568,2.009
5464,10.752,0.202,28.864,2.041
5465,1.375,0.42,3.904,6.145
5466,5.696,0.666,16.288,3.666
5467,1.376,0.107,2.97,0.066
5469,0.96,0.023,1.504,0.051
5470,2.432,0.707,30.4,0.389
5471,0.814,0.023,1.758,0.023
5472,11.392,0.286,55.136,2.698
5473,15.104,0.143,80.64,3.083
5474,5.824,0.373,18.432,11.143
5475,25.664,3.137,72.8,5.033
5476,13.248,0.202,21.888,1.993
5477,1.344,0.091,17.088,0.707
5478,262.784,0.405,296.96,2.753
5479,38.272,0.345,137.344,9.486
5480,23.68,1.506,47.296,17.218
5482,126.944,1.118,253.28,9.909
5483,1.312,0.113,2.56,0.58
5484,13.184,1.096,64.576,8.832
5485,1.792,0.389,3.84,0.89
5486,14.976,0.091,86.72,0.143
5487,5.056,0.272,12.128,2.35
5488,0.096,0.045,0.192,0.045
5489,22.784,0.389,140.48,0.543
5490,9.28,0.834,18.368,0.604
5491,0.072,0.011,0.144,0.025
5492,9.792,2.166,148.48,1.59
5493,26.72,3.482,70.944,1.145
5494,18.88,1.154,32,3.203
5495,3.264,0.389,26.272,14.5
5496,0.016,0.006,0.056,0.009
5497,36.576,1.361,118.304,13.082
5498,0.273,0.068,0.769,0.21
5499,0.432,0.029,0.624,0.025
5500,0.056,0.011,0.136,0.164
5501,0.256,0.091,0.384,0.091
5502,0.064,0.091,0.064,0.091
5503,71.648,9.082,200.032,8.637
5504,3.676,0.193,7.68,3.009
5507,2.816,0.41,6.72,0.604
5508,439.104,5.261,488.704,6.213
5510,21.696,1.521,50.72,13.643
5512,18.752,0.143,90.336,13.096
5513,3.936,0.994,16.992,1.208
5515,24.32,1.484,49.728,6.213
5516,11.392,1.056,27.68,3.912
5517,2.688,0.143,14.464,2.627
5518,6.912,0.771,51.904,3.598
5523,3.712,0.091,17.888,1.361
5524,18.72,2.111,42.912,4.596
5526,34.88,0.643,72.448,1.797
5527,0.357,0.004,0.82,0.008
5528,0.224,0.011,0.855,0.075
5529,0.256,0.011,1.015,0.129
5530,2.658,0.01,4.955,0.065
5531,7.552,0.466,33.92,7.495
5533,0.448,0.091,0.768,0.091
5536,0.016,0.011,0.048,0.011
5537,0.256,0.091,0.448,0.091
5538,7.232,0.63,23.552,3.668
5539,8.576,2.433,77.824,26.693
5540,42.496,0.572,76.768,13.734
5541,5.888,0.453,26.432,6.088
5542,29.696,1.282,80,9.346
5545,2.432,0.202,12.544,2.433
5546,1.408,0.231,3.776,2.796
5547,0.512,0.091,0.896,0.143
5548,84.8,0.58,187.776,7.297
5551,31.36,0.462,60.384,2.817
5554,18.368,2.244,79.296,18.497
5555,18.304,1.243,49.216,4.875
5556,0.503,0.09,1.511,0.109
5559,4.288,0.59,16.736,2.764
5560,0.184,0.029,0.49,0.068
5561,0.032,0.011,0.104,0.011
5562,0.096,0.023,0.16,0.036
5563,0.778,0.074,4.89,0.211
5564,0.056,0.011,0.448,0.184
5565,3.136,0.091,12.832,2.176
5566,20.352,0.487,39.84,2.639
5567,3.136,0.091,12.736,0.143
5568,1.792,0.091,5.184,0.143
5569,11.2,0.792,24.832,1.807
5571,1.344,0.345,8.064,1.282
5572,11.2,0.771,20.096,0.771
5573,2.624,1.196,7.808,6.987
5574,28.736,1.346,119.808,12.936
5575,8.448,0.091,12.8,0.264
5576,0.112,0.025,0.192,0.097
5581,8.256,1.032,28.768,6.678
5585,82.112,0.516,229.888,3.65
5589,69.312,10.633,130.24,3.567
5590,19.392,0.41,43.904,5.724
5591,47.104,0.286,135.488,0.87
5592,0.15,0.03,0.475,0.255
5593,11.968,0.326,76.416,13.312
5594,4.864,0.181,12.8,3.329
5597,8.704,0.405,31.168,3.586
5599,0.297,0.016,0.598,0.043
5601,4.736,0.091,19.456,0.962
5603,20.672,1.096,51.968,3.203
5604,8.512,0.202,15.68,0.181
5605,1.728,0.345,7.296,1.319
5606,11.264,0.5,93.248,7.196
5607,0.512,0.091,1.088,0.091
5608,4.224,0.32,9.28,0.771
5610,75.392,1.895,95.36,2.01
5612,30.528,2.375,73.152,6.915
5614,2.176,0.091,5.312,0.091
5615,0.64,0.326,1.792,0.453
5617,12.8,0.326,31.872,0.962
5618,5.44,1.094,22.144,1.741
5619,0.065,0.006,0.167,0.044
5620,0.016,0.002,0.04,0.007
5621,3.456,0.091,9.536,0.202
5622,69.44,2.085,106.048,4.871
5624,6.912,0.516,116.544,3.974
5626,9.984,0.834,22.272,2.753
5627,1.92,0.231,7.616,3.178
5628,3.968,0.091,15.872,0.202
5632,15.744,0.405,49.408,4.672
5633,0.172,0.008,0.253,0.033
5634,0.576,0.091,1.152,0.091
5635,11.136,1.645,31.296,7.564
5637,4.928,0.264,13.184,1.409
5638,0.292,0.039,0.824,0.439
5640,3.264,0.572,16.448,1.793
5644,2.24,0.091,16.064,0.453
5645,12.416,0.643,40.96,7.68
5646,57.024,1.073,109.248,7.068
5647,0.192,0.091,1.088,0.326
5648,13.952,1.096,40.448,4.868
5650,0.543,0.073,1.1,0.12
5654,25.472,0.202,71.36,0.453
5655,2.624,0.143,6.208,0.659
5664,0.768,0.202,2.496,0.326
5667,6.592,0.551,33.216,4.409
5693,38.4,2.396,355.072,12.71
5697,0.896,0.091,2.624,0.143
5704,2.88,0.091,10.048,0.143
5706,26.368,2.262,152,6.803
5711,0.576,0.091,2.24,0.326
5713,21.184,1.208,50.432,2.68
5715,7.104,0.41,20.992,3.2
5716,44.48,2.222,62.784,3.535
5718,5.76,0.59,8.768,0.932
5719,3.2,0.389,9.792,0.834
5721,25.856,0.547,41.408,2.305
5723,25.6,1.448,39.936,1.69
5724,0.448,0.091,1.28,0.59
5725,10.624,0.689,40.64,1.282
5726,3.2,0.091,12.736,0.487
5729,15.424,0.202,52.992,0.716
5730,0.832,0.202,7.744,1.145
5731,26.176,0.389,60.032,2.12
5733,0.048,0.017,0.675,0.182
5736,55.872,1.243,79.168,8.383
5740,0.349,0.131,1.146,0.335
5770,0.251,0.091,0.727,0.467
5773,11.584,0.091,31.488,0.231
5867,2.24,0.091,13.184,0.264
5890,2.048,0.202,5.76,1.68
5955,3.328,0.202,11.648,2.241
5983,3.584,0.716,13.312,1.218
5989,22.528,0.143,26.944,0.326
5992,0.019,0.002,0.051,0.029
5995,7.872,0.091,26.688,1.056
6004,20.416,0.362,48.448,1.793
6082,2.496,0.091,6.208,0.272
6083,10.112,0.326,21.44,1.159
6090,2.624,0.091,6.08,0.202
6091,0.512,0.091,1.472,0.64
6096,0.384,0.091,4.288,1.154
6098,3.712,0.143,9.344,0.466
6100,3.84,0.091,16.256,0.326
6101,11.52,1.056,26.24,1.639
6102,19.2,2.255,60.48,7.431
6103,24.448,0.716,49.408,1.549
6104,4.352,0.345,11.904,1.223
6105,0.124,0.009,0.207,0.093
6109,26.432,1.318,55.296,4.465
6111,14.272,0.643,53.632,7.04
6113,1.664,0.202,37.952,1.409
6115,47.104,0.604,122.496,13.514
6117,0.371,0.029,0.711,0.063
6118,21.568,1.358,55.808,6.083
6119,5.056,0.528,15.104,1.729
6120,0.128,0.091,0.64,0.091
6123,0.069,0.003,0.186,0.042
6124,6.208,0.091,16.832,0.202
6125,219.648,12.376,1307.008,19.459
6127,22.656,1.803,70.08,7.938
6128,53.824,0.551,69.952,2.435
6131,4.288,2.177,10.048,0.181
6135,1.856,0.202,4.032,0.653
6136,1.216,0.091,1.92,0.643
6137,0.768,0.181,8.384,2.073
6139,13.504,1.28,30.656,2.817
6141,28.096,9.667,62.656,6.481
6144,0.46,0.037,0.69,0.062
6145,0.172,0.012,0.46,0.103
6147,10.816,0.58,32.832,1.09
6151,4.992,0.143,11.84,2.273
6152,16.064,1.286,34.24,10.497
6153,0.448,0.091,1.344,0.326
6154,27.008,0.59,49.344,1.154
6157,5.12,1.448,10.24,1.448
6158,1.792,0.453,8.576,1.635
6159,16.448,0.181,49.92,2.625
6165,27.84,1.28,68.032,7.241
6166,0.064,0.091,0.192,0.143
6167,20.224,0.41,61.696,2.29
6168,15.872,0.143,58.88,1.382
6176,6.336,0.429,14.144,1.484
6178,0.512,0.202,0.96,0.143
6180,0.256,0.143,0.896,0.091
6182,0.192,0.091,3.904,1.569
6186,5.184,0.231,16.192,6.785
6188,5.632,1.473,7.936,0.63
6189,4.032,0.181,8.192,1.032
6190,24.32,1.094,43.328,2.996
6194,7.616,0.181,35.264,1.056
6198,3.712,0.091,10.496,0.143
6204,3.072,1.026,3.136,1.026
6205,0.192,0.091,2.176,0.802
6206,0.576,0.091,6.464,1.921
6211,0.03,0.014,0.07,0.014
6215,0.192,0.091,0.64,0.264
6216,1.152,0.091,2.432,0.143
6219,1.856,0.326,2.752,1.665
6222,20.16,0.373,33.856,3.586
6223,4.8,4.74,11.008,2.284
6225,6.08,0.528,23.104,3.789
6226,10.24,0.373,63.04,4.839
6227,2.24,0.429,5.76,1.669
6228,14.912,2.851,30.4,8.192
6229,9.408,0.202,26.368,0.962
6230,0.32,0.143,1.28,0.771
6233,0.768,0.143,4.864,1.921
6234,22.848,2.44,89.664,28.097
6235,2.24,0.091,4.032,0.091
6237,0.256,0.091,0.64,0.326
6238,0.256,0.091,2.24,1.358
6241,2.752,0.516,8.768,3.139
6242,33.92,5.303,77.824,1.946
6243,28.48,18.435,35.392,2.009
6244,30.528,3.535,70.976,6.085
6249,34.24,1.105,102.208,3.851
6251,1.792,0.143,3.008,0.143
6263,0.256,0.091,1.984,0.181
6265,0.063,0.007,0.199,0.074
6266,15.552,0.286,37.568,0.59
6267,3.264,0.453,12.864,3.974
6269,6.08,0.81,22.976,7.171
6270,16.704,0.68,37.568,2.233
6271,50.944,0.771,60.096,6.08
6272,56.512,1.118,122.944,2.255
6273,15.68,1.056,48.64,5.159
6274,12.032,0.345,66.176,0.453
6275,0.192,0.091,1.984,0.345
6278,0.128,0.091,0.192,0.091
6279,15.936,0.272,32.512,2.947
6280,22.016,0.547,72.384,3.548
6281,0.512,0.143,3.072,0.707
6283,6.4,0.466,15.616,1.223
6284,0.092,0.038,0.208,0.087
6285,7.424,0.59,43.264,3.057
6288,3.712,0.202,13.184,2.121
6292,0.512,0.091,7.872,3.032
6293,0.128,0.091,0.192,0.091
6295,78.848,2.127,180.48,19.611
6298,2.944,0.792,9.984,3.259
6299,0.091,0.009,0.202,0.019
6300,8.256,0.59,63.168,5.807
6301,0.64,0.091,0.96,0.091
6303,9.664,0.264,33.984,2.881
6304,5.76,0.716,33.472,5.598
6305,6.848,1.073,25.792,8.01
6306,45.568,2.771,159.616,24.577
6307,0.576,0.091,1.984,0.834
6308,4.096,0.979,18.88,1.684
6309,8.832,0.487,22.656,1.605
6314,2.688,0.143,6.656,0.516
6315,7.36,0.231,37.248,9.22
6317,3.136,0.345,7.744,0.932
6319,20.096,0.643,33.024,6.08
6320,25.728,0.373,57.984,7.621
6321,6.4,0.389,22.592,1.733
6322,2.496,0.091,4.864,0.143
6323,3.584,2.021,20.352,1.042
6328,34.752,1.086,72.128,3.851
6329,13.44,0.181,37.632,0.979
6330,5.888,1.988,14.528,2.639
6331,0.832,0.143,2.432,0.707
6334,13.312,2.589,36.8,5.347
6335,97.728,0.389,149.184,4.16
6336,2.048,0.091,6.528,0.286
6337,30.72,0.994,64.576,4.868
6338,0.192,0.091,0.768,0.516
6339,4.48,0.59,15.232,0.231
6341,0.96,0.091,1.92,0.707
6342,11.072,0.389,11.712,5.824
6343,0.058,0.024,0.612,0.407
6344,34.176,0.749,67.776,1.358
6345,5.44,1.28,16.896,1.208
6346,37.248,1.438,136.064,8.256
6347,0.256,0.091,0.448,0.326
6349,28.288,0.643,82.688,3.447
6351,17.92,0.487,36.096,2.312
6353,44.288,0.405,114.496,1.319
6354,0.02,0.006,0.264,0.152
6355,12.544,0.854,29.184,2.841
6358,0.128,0.091,1.856,0.202
6361,0.062,0.007,0.901,0.302
6368,0.128,0.091,0.896,0.326
6369,6.016,0.41,29.312,2.176
6370,25.728,3.556,40.576,22.551
6371,0.23,0.032,0.66,0.11
6372,0.384,0.143,0.768,0.143
6375,14.208,1.921,31.104,4.672
6376,0.541,0.137,1.32,0.232
6380,32.128,0.689,65.6,2.463
6385,0.256,0.091,0.896,0.264
6386,0.448,0.091,0.832,0.091
6388,7.68,0.528,20.864,1.611
6390,25.664,1.026,48.192,2.945
6395,7.104,0.968,18.048,8
6396,30.4,2.127,52.672,3.011
6397,10.048,0.143,36.352,1.026
6398,0.512,0.446,1.989,0.67
6399,7.232,1.473,14.528,1.557
6400,8.704,0.264,14.08,0.707
6401,1.024,0.091,3.392,0.466
6404,5.696,0.091,36.992,0.202
6405,9.536,1,30.144,3.567
6408,3.712,0.466,7.104,2.755
6409,5.12,0.373,17.792,3.328
6411,1.92,0.668,6.464,2.233
6412,0.896,0.326,3.008,1.675
6413,2.688,0.091,6.528,0.091
6414,11.392,0.405,48.064,3.329
6419,7.36,2.084,25.92,3.605
6422,2.368,0.091,6.592,0.202
6425,1.088,0.143,8.896,1.145
6427,0.704,0.091,2.944,1.346
6428,4.096,2.29,12.288,5.514
6432,8.832,1.665,32.256,4.672
6433,0.128,0.091,0.192,0.091
6435,21.504,4.898,42.496,4.352
6436,0.192,0.091,6.208,3.781
6437,3.456,0.516,9.408,1.985
6439,0.192,0.091,0.256,0.091
6440,8.384,0.202,13.376,0.962
6443,2.176,0.202,6.592,2.113
6444,11.776,0.891,44.928,3.482
6445,0.256,0.091,1.536,0.202
6446,56.96,6.555,100.672,9.572
6447,0.256,0.091,1.024,0.143
6448,61.888,3.178,149.248,39.565
6450,17.856,3.389,23.488,3.152
6451,0.832,0.264,3.328,0.834
6452,0.286,0.036,0.54,0.172
6453,40.768,0.181,89.856,0.41
6454,383.488,2.136,616.256,5.124
6462,0.128,0.091,0.256,0.143
6469,0.192,0.091,1.792,0.771
6472,65.92,0.231,195.2,0.362
6486,0.042,0.004,0.075,0.002
6487,1.408,0.32,9.408,3.238
6488,1.152,0.202,2.24,0.466
6489,17.856,0.286,42.432,0.547
6490,25.6,1.002,54.72,3.851
6491,2.048,1.448,2.048,1.448
6497,1.728,0.231,3.328,0.73
6498,41.984,2.061,108.544,4.885
6504,14.272,0.389,47.488,2.241
6519,41.152,3.569,131.008,52.992
6520,49.472,1.319,69.504,3.543
6521,19.52,2.771,41.28,1.032
6522,343.744,27.456,377.984,13.312
6523,8.32,0.32,36.288,2.347
6525,28.352,0.202,48.32,0.41
6527,0.64,0.091,1.856,0.516
6528,4.352,0.143,15.68,3.603
6529,9.6,2.734,37.184,6.355
6531,8.128,0.41,16.064,1.319
6533,9.472,0.462,31.232,1.18
6534,1.216,0.202,4.352,1.223
6535,0.704,0.091,1.664,0.143
6536,1.984,0.668,6.784,1.59
6538,12.224,0.32,26.624,2.405
6539,5.888,0.143,13.632,2.241
6540,0.016,0.002,0.032,0.005
6542,0.832,0.091,1.024,0.202
6543,0.064,0.091,1.664,0.091
6544,11.328,0.707,32.96,2.627
6546,1.28,0.202,6.784,2.052
6547,0.029,0.012,0.097,0.048
6550,4.352,0.231,13.312,1.857
6551,26.816,2.47,59.008,3.845
6552,6.72,0.707,22.592,7.617
6554,8,0.091,10.368,0.202
6557,18.752,3.33,96.128,1.59
6560,16.704,0.143,36.8,0.264
6562,0.384,0.143,1.472,0.202
6564,8,0.389,30.72,4.3
6566,38.72,1.797,87.616,4.544
6569,0.738,0.04,0.936,0.079
6571,0.247,0.042,0.326,0.104
6573,0.082,0.008,0.289,0.075
6576,28.928,0.143,45.056,1.026
6577,9.92,0.326,22.784,2.563
6578,54.336,0.905,68.352,1.361
6579,1.984,0.091,2.944,0.091
6580,0.558,0.04,2.816,1.154
6582,2.624,0.091,7.04,1.218
6583,7.296,0.516,39.232,4.596
6585,6.592,0.264,17.536,1.69
6586,0.621,0.015,0.685,0.04
6587,9.856,0.091,23.04,0.143
6589,36.608,3.343,49.152,1.694
6590,23.168,0.923,114.112,2.084
6591,0.296,0.034,0.773,0.386
6592,10.048,0.362,25.664,2.405
6593,17.728,0.091,31.232,1.026
6598,6.08,0.231,17.472,2.248
6600,2.112,0.143,6.976,1.282
6601,236.48,2.255,269.44,8.577
6602,10.24,0.68,39.68,3.84
6605,5.504,0.143,16.704,1.154
6606,0.192,0.091,0.704,0.389
6610,20.16,0.716,71.936,3.482
6611,3.392,0.326,10.048,1.62
6613,4.992,0.668,42.368,6.348
6615,33.856,0.462,127.744,11.815
6616,14.784,2.39,34.688,3.598
6619,14.72,0.32,35.968,2.881
6620,79.232,2.176,128.128,6.903
6621,3.648,0.202,43.456,1.257
6622,282.944,3.589,389.376,7.494
6625,11.072,0.551,111.424,2.064
6629,28.416,1.802,239.552,1.548
6630,5.824,0.143,23.552,0.326
6631,2.24,0.516,7.168,1.243
6632,4.416,0.516,10.688,4.436
6634,0.433,0.021,0.583,0.047
6635,0.64,0.091,1.152,0.143
6638,2.432,0.091,3.072,1.09
6641,0.576,0.091,2.624,0.345
6642,57.92,0.749,105.024,1.208
6643,0.192,0.091,0.512,0.326
6645,0.013,0.003,0.036,0.008
6648,24.512,2.593,88.384,23.877
6649,3.84,0.389,16.448,6.528
6655,19.072,0.802,63.36,4.596
6657,20.16,0.779,42.368,1.35
6658,4.544,0.516,8.064,1.154
6659,0.115,0.009,0.2,0.01
6662,0.832,0.143,2.368,0.58
6665,5.76,0.091,18.56,0.264
6666,4.288,0.202,11.008,3.057
6668,0.048,0.002,0.116,0.006
6670,19.392,3.21,40.32,2.841
6671,0.192,0.091,0.256,0.091
6672,6.272,0.091,27.904,1.601
6673,7.488,0.528,18.304,1.857
6674,25.6,1.243,86.336,11.699
6676,3.648,0.181,12.736,1.921
6678,3.2,0.692,8.192,2.721
6679,0.896,0.091,1.408,0.091
6682,0.027,0.007,0.11,0.028
6683,3.264,0.091,9.28,0.389
6686,47.808,2.599,65.472,6.781
6689,0.09,0.011,0.192,0.022
6693,0.124,0.009,0.283,0.017
6694,11.264,0.326,39.936,2.369
6695,12.736,1.954,35.776,2.757
6697,0.768,0.091,1.216,0.143
6698,45.888,3.148,100.928,13.377
6700,0.128,0.091,0.192,0.091
6702,19.136,1.332,44.736,1.548
6707,9.792,0.286,34.88,3.781
6708,3.904,0.202,12.16,1.537
6710,0.576,0.143,1.088,0.202
6715,0.254,0.023,0.452,0.027
6718,0.214,0.041,0.344,0.078
6720,23.232,0.792,40.256,5.284
6745,94.464,0.63,134.656,4.906
6753,1.92,0.32,4.544,0.362
6757,0.96,0.143,2.432,1.62
6762,4.224,0.143,7.488,0.231
6763,11.136,0.264,33.92,1.196
6764,7.616,0.143,23.808,1.032
6767,52.096,1.972,218.88,15.515
6774,1.536,0.286,6.528,2.009
6782,21.888,2.562,39.68,2.433
6786,0.257,0.124,1.041,0.15
6787,0.256,0.091,0.768,0.202
6788,0.049,0.001,0.092,0.001
6796,11.968,1.368,21.312,2.021
6800,0.146,0.006,0.206,0.029
6802,13.184,0.405,31.296,5.326
6814,2.88,0.143,19.264,1.639
6816,9.344,0.466,35.136,0.231
6824,0.832,0.091,10.176,1.404
6830,6.656,1.056,28.352,3.238
6831,5.696,0.73,20.096,6.924
6853,1.984,0.143,7.104,1.741
6866,0.256,0.091,0.384,0.091
6867,0.384,0.091,0.768,0.326
6870,10.56,10.572,14.4,1.9
6877,6.72,0.143,13.056,0.272
6880,3.648,0.516,10.688,1.409
6882,6.528,0.5,15.04,1.601
6884,5.696,0.528,28.608,5.888
6891,306.304,1.032,411.648,9.273
6892,20.48,0.692,108.352,2.625
6903,51.392,1.93,211.392,1.319
6904,0.32,0.091,25.856,1.921
6911,1.408,0.202,5.312,1.665
6914,38.208,2.409,77.312,8.96
6916,0.192,0.091,0.96,0.202
6917,3.136,0.091,4.416,0.389
6930,20.096,0.898,36.8,0.643
6931,0.098,0.006,0.24,0.027
6935,32.576,1.82,88.256,6.987
6938,17.216,1.214,104.256,8.693
6963,10.88,0.091,19.84,0.143
6987,9.536,2.627,33.28,5.284
6989,34.496,1.374,78.208,7.938
7000,33.024,1.547,105.088,11.456
7009,0.064,0.091,0.192,0.091
7012,12.8,0.091,28.352,0.091
7028,3.712,0.389,22.208,0.916
7030,12.608,1.793,47.744,3.522
7060,0.063,0.01,0.146,0.074
7063,0.064,0.091,0.128,0.091
7064,9.28,0.202,41.088,5.248
7078,0.128,0.091,0.448,0.091
7087,15.616,0.528,54.592,7.428
7102,0.218,0.025,0.399,0.612
7106,0.2,0.026,0.523,0.222
7108,92.096,27.136,157.12,21.121
7110,41.984,2.894,78.208,11.013
7113,15.04,0.091,33.024,0.091
7116,2.624,0.528,20.224,11.195
7130,22.272,1.101,52.672,3.238
7133,0.665,0.06,1.079,0.37
7142,0.643,0.064,0.969,0.064
7147,13.952,0.405,22.464,0.792
7148,0.229,0.082,1.177,0.225
7159,4.71,5.763,13.056,26.831
7164,7.168,1.032,22.528,5.16
7167,27.392,3.43,51.712,3.851
7170,88.128,0.202,99.584,0.264
7172,2.496,0.143,27.648,1.675
7173,0.364,0.035,0.966,0.131
7178,28.608,7.182,52.416,5.574
7183,4.992,0.091,7.744,1.218
7185,80.064,0.792,147.456,0.453
7187,0.055,0.024,2.07,1.408
7191,12.096,3.746,44.928,19.191
7206,4.608,0.73,20.544,6.618
7207,8.96,0.326,24.192,0.466
7209,7.04,0.231,46.272,9.273
7213,33.664,3.138,61.12,4.036
7219,22.528,0.551,53.952,1.319
7227,0.044,0.025,0.092,0.042
7228,16.64,3.721,99.584,14.615
7230,13.952,0.773,45.248,2.819
7240,2.24,0.091,3.072,0.143
7247,64.384,0.668,180.736,4.29
7250,56.448,1.042,106.56,4.783
7255,4.416,0.091,10.304,0.231
7263,9.344,1.739,53.184,21.273
7281,0.576,0.091,1.664,0.143
7283,0.296,0.033,0.767,0.456
7285,55.104,1.319,156.096,1.59
7287,0.061,0.039,1.606,2.464
7289,0.132,0.065,0.878,0.582
7290,0.406,0.02,6.287,1.408
7292,0.125,0.011,0.262,0.037
7293,14.08,0.264,47.872,2.881
7294,0.077,0.008,0.154,0.012
7295,19.52,0.707,73.792,12.29
7297,0.438,0.068,1.141,0.485
7298,4.16,0.389,18.944,2.405
7301,9.792,0.091,174.464,0.202
7305,0.358,0.021,3.099,0.448
7310,55.296,0.832,145.664,3.238
7318,5.76,0.143,14.976,0.749
7319,26.432,0.462,49.664,1.675
7322,16.704,2.764,60.48,6.152
7323,53.376,8.248,107.84,9.973
7328,20.736,0.668,63.808,5.505
7329,1.472,0.091,3.136,0.202
7335,26.304,1.669,43.392,7.127
7343,29.824,0.143,63.36,0.264
7344,0.091,0.023,0.364,0.343
7353,0.147,0.006,0.249,0.004
7357,9.152,2.415,52.672,17.438
7358,6.848,0.607,36.48,4.908
7359,0.128,0.143,0.448,0.091
7360,26.24,0.231,130.112,1.236
7361,0.96,0.143,1.856,0.345
7366,0.043,0.003,0.099,0.007
7367,0.399,0.039,0.89,0.139
7369,31.744,17.282,103.68,6.859
7371,14.144,10.633,49.536,61.576
7374,3.456,0.143,12.16,1.026
7375,0.1,0.009,0.311,0.073
7376,4.608,1.296,9.216,1.846
7377,85.184,24.958,212.352,14.474
7378,0.392,0.031,1.247,0.077
7379,25.728,0.41,66.944,9.989
7381,3.328,0.968,9.664,8.446
7386,7.424,1.385,20.608,9.865
7387,27.392,2.255,63.232,4.548
7390,30.976,0.59,76.416,7.94
7403,21.632,0.842,65.856,3.973
7404,11.072,1.541,40.32,12.163
7427,0.119,0.016,0.399,0.395
7428,0.384,0.143,1.728,1.218
7429,7.168,0.143,17.856,0.143
7430,0.501,0.19,3.904,0.962
7432,6.144,0.749,15.68,4.284
7433,8.832,0.87,39.936,6.478
7440,0.064,0.091,0.576,0.143
7446,1.408,0.091,13.568,0.962
7447,0.021,0.002,0.392,0.262
7449,0.117,0.03,0.987,0.705
7451,5.184,0.32,18.752,5.505
7452,27.456,14.405,89.92,9.102
7453,0.026,0.032,0.476,2.75
7455,0.171,0.11,2.12,0.07
7456,0.384,0.091,4.928,0.898
7457,19.136,0.607,106.048,11.953
7460,7.872,1.073,20.864,7.177
7464,9.92,0.143,41.088,2.199
7469,9.408,0.264,18.24,1.154
7472,0.899,0.028,1.958,0.066
7475,12.288,0.231,91.136,2.415
7477,24.64,0.528,100.544,1.484
7481,9.088,0.143,18.24,2.233
7485,13.504,9.026,27.712,3.057
7486,5.632,0.59,22.016,6.467
7487,3.712,0.389,14.848,3.777
7488,20.672,2.499,57.28,7.617
7491,20.608,0.091,49.472,0.389
7493,52.736,10.446,219.584,25.075
7494,2.112,0.202,5.952,0.716
7495,0.351,0.125,0.839,0.26
7496,1.016,0.212,2.197,0.483
7497,17.6,0.362,32.448,2
7500,21.568,2.955,35.84,4.017
7502,48.448,0.781,82.88,2.009
7503,16.768,0.286,86.848,1.632
7504,9.344,2.503,111.36,6.145
7508,0.064,0.091,0.384,0.143
7509,1.426,0.242,5.248,1.548
7514,2.624,1.857,6.336,1.793
7515,36.096,2.497,328.448,11.968
7517,21.632,2.021,48.064,7.516
7518,4.48,0.202,12.736,0.453
7520,20.352,0.231,42.752,0.891
7521,2.88,0.528,6.656,1.286
7523,17.792,2.009,60.48,3.851
7526,0.83,0.231,1.973,1.284
7527,7.616,0.143,253.952,2.369
7528,26.24,5.234,95.744,19.069
7529,1.152,0.091,7.424,1.243
7530,0.768,0.091,2.56,0.202
7532,18.368,3.274,39.296,4.409
7533,3.2,0.405,9.6,4.932
7535,4.288,0.916,9.792,2.435
7547,0.204,0.082,1.011,0.1
7548,3.392,0.143,13.888,1.793
7549,111.808,0.091,130.048,0.091
7550,2.432,0.091,8.768,1.797
7551,53.248,2.435,119.616,12.521
7552,11.648,1.37,63.296,10.202
7554,0.375,0.096,0.604,0.443
7559,1.849,0.086,2.97,1.089
7560,32.256,0.643,68.032,0.202
7563,1.568,0.396,7.68,2.463
7564,2.432,0.202,6.016,2.326
7566,15.232,0.516,28.48,4.042
7567,2.24,0.516,6.528,1.257
7568,3.584,0.547,18.56,2.721
7573,15.808,2.573,51.52,11.143
7575,12.864,0.091,39.808,0.668
7576,9.856,1.86,31.36,10.673
7579,6.784,0.779,15.808,0.462
7580,19.008,8.39,66.56,10.378
7581,0.853,0.073,2.347,2.457
7584,0.014,0.01,0.42,0.128
7587,8.32,0.749,18.944,3.482
7588,6.72,0.202,25.088,3.457
7595,0.172,0.034,0.787,0.477
7597,26.176,2.073,52.096,4.222
7598,7.616,0.326,23.424,3.714
7599,0.504,0.13,6.336,3.908
7601,0.136,0.019,0.276,0.07
7602,2.889,0.32,4.268,1.792
7603,2.38,0.323,9.28,1.154
7604,11.2,1.059,43.2,4.098
7605,9.536,0.143,16.32,0.143
7606,7.552,0.689,49.6,6.355
7607,33.536,4.172,70.656,0.453
7608,83.2,2.764,151.36,23.896
7609,27.392,0.771,52.416,1.305
7614,8.384,0.264,18.432,0.834
7615,12.992,1.701,26.688,4.635
7617,11.136,1.748,48.832,5.85
7619,8.896,2.064,41.728,10.864
7625,15.744,0.528,26.688,2.625
7626,0.192,0.091,0.384,0.143
7630,12.416,0.181,26.624,8.96
7632,0.761,0.326,1.897,0.183
7635,73.92,4.241,124.16,1.404
7638,9.28,0.854,125.504,6.759
7642,86.656,1.094,103.808,8.828
7644,26.56,1.461,134.784,23.275
7645,324.416,3.912,431.616,4.72
7648,9.408,0.202,31.616,3.137
7654,35.648,1.319,68.928,3.482
7656,23.68,2.499,60.096,4.226
7657,14.208,0.405,51.84,1.032
7660,45.504,1.18,131.456,2.064
7662,6.4,1.385,23.232,5.069
7663,0.344,0.021,0.945,0.086
7671,0.256,0.516,5.056,1.664
7674,49.024,6.64,91.52,6.537
7677,30.912,2.127,59.392,5.705
7678,20.48,0.326,42.752,0.707
7683,101.376,6.82,220.48,8.45
7684,31.04,1.18,76.032,13.825
7688,126.784,1.042,154.432,2.463
7695,6.592,0.091,19.392,0.202
7701,4.928,0.264,17.408,3.009
7703,10.816,0.516,73.536,2.009
7705,3.392,0.916,15.744,5.485
7706,0.072,0.007,0.118,0.028
7707,23.232,1.783,74.176,4.128
7710,0.462,0.194,1.016,0.556
7711,5.568,0.202,20.928,2.177
7727,8.512,0.143,23.616,1.729
7729,21.248,1.694,67.52,12.104
7734,0.486,0.12,0.894,0.493
7741,22.016,1.583,47.232,8.319
7744,30.144,0.516,70.016,2.881
7745,0.924,0.089,3.264,0.898
7749,5.76,1.548,19.2,5.007
7750,3.904,0.143,36.864,15.49
7752,2.88,0.202,8.64,3.137
7753,0.998,0.099,2.512,0.64
7754,0.112,0.013,0.174,0.004
7762,11.456,0.231,21.632,1.498
7766,15.168,0.143,77.952,1.665
7769,118.848,5.122,164.224,0.516
7770,1.6,0.091,4.992,0.516
7775,0.348,0.055,3.287,2.508
7780,50.88,8.039,116.032,16.2
7781,1.162,0.065,16.043,0.96
7784,0.14,0.017,1.918,1.995
7785,23.424,0.994,108.992,7.574
7786,8.896,0.58,29.696,1.665
7788,34.944,2.057,77.376,1.601
7789,0.092,0.003,0.164,0.012
7790,65.536,3.981,144.64,2.347
7793,0.557,0.023,1.093,0.04
7794,66.24,0.63,131.648,1.77
7795,87.744,6.469,120,23.424
7798,2.688,0.264,10.432,2.625
7800,0.041,0.009,0.124,0.425
7802,46.144,5.893,124.736,27.136
7803,1.216,0.091,4.352,0.326
7805,0.896,0.143,2.688,1.484
7810,22.336,0.643,58.88,3.137
7813,0.207,0.027,0.564,0.164
7818,14.336,0.231,42.752,4.864
7822,4.544,0.143,26.304,2.347
7825,3.136,0.63,8.64,2.064
7827,0.502,0.147,2.267,4.498
7830,0.581,0.052,0.896,0.085
7831,17.664,1,72.32,9.913
7835,132.608,1,384.704,3.657
7838,46.784,0.692,66.048,2.176
7840,12.864,0.264,43.776,2.627
7841,14.144,2.453,50.368,2.176
7843,9.856,1.236,102.272,23.768
7845,26.816,0.771,81.344,7.168
7849,0.128,0.033,0.268,0.042
7854,31.808,0.834,61.44,0.68
7858,7.168,0.143,79.04,5.505
7862,1.664,0.326,16.704,5.396
7868,83.648,0.231,112.192,0.994
7872,10.176,2.592,36.864,9.515
7884,11.392,0.091,52.672,2.049
7885,55.168,3.299,224.192,36.173
7886,7.552,0.58,37.696,7.169
7888,2.816,0.326,6.208,1.409
7900,48.128,1.262,60.8,2.812
7901,0.128,0.091,0.512,0.202
7902,8.256,6.16,47.104,10.631
7903,3.2,0.326,24.256,7.296
7906,6.272,0.091,15.168,0.091
7912,0.96,0.091,1.856,0.707
7918,18.88,1.154,65.792,11.212
7922,0.268,0.064,0.422,0.064
7923,8.576,3.265,16.96,0.516
7924,14.656,12.933,64.704,13.745
7929,16.064,0.272,51.776,0.73
7932,21.632,0.547,67.392,2.819
7934,7.872,0.429,23.68,5.574
7936,37.312,0.643,39.424,3.585
7938,31.872,1,294.784,6.039
7939,0.508,0.065,1.039,0.072
7942,18.688,0.429,34.048,4.731
7943,1.472,0.389,3.456,2.305
7948,71.616,1.766,231.872,5.916
7952,0.24,0.038,0.579,0.035
7954,4.48,0.091,15.04,0.143
7963,3.008,0.516,13.184,2.096
7965,2.24,0.143,43.52,7.491
7968,15.68,0.773,50.752,5.018
7969,8.832,0.143,22.144,1.346
7970,0.157,0.013,0.387,0.616
7973,39.424,3.216,108.224,20.899
7976,48.256,0.181,94.976,3.206
7977,0.02,0.014,0.02,0.051
7979,0.929,0.163,2.668,0.405
7980,0.104,0.009,0.24,0.074
7984,4.237,0.073,10.432,0.453
7987,1.472,0.091,8.32,1.382
7988,0.077,0.014,0.413,0.214
7989,7.767,0.45,30.566,2.944
7992,0.996,0.102,2.447,0.311
7994,9.728,0.091,26.176,0.091
7995,0.107,0.043,0.608,0.477
7997,7.104,0.453,16.704,2.998
7998,5.824,0.091,10.24,0.516
7999,0.333,0.064,0.527,0.043
8001,49.6,1.404,75.136,3.167
8004,12.224,1.891,32.512,1.448
8008,7.68,0.091,22.656,0.453
8009,2.944,0.466,14.336,2.521
8012,8.896,0.405,17.664,1.448
8018,0.064,0.091,0.128,0.091
8019,10.432,1.547,51.2,2.12
8022,11.072,0.143,22.528,0.916
8026,246.464,2.127,327.296,0.59
8027,0.704,0.091,1.536,0.091
8030,17.472,0.091,23.872,0.326
8035,0.212,0.076,0.768,0.458
8036,23.488,5.168,110.848,3.789
8039,38.784,5.062,83.52,11.31
8041,0.025,0.006,0.079,0.039
8045,14.656,1.28,44.16,5.096
8047,0.427,0.034,0.892,0.031
8049,26.304,0.32,72.448,1.675
8050,1.088,0.091,3.904,0.516
8053,1.798,1.024,1.918,1.024
8054,8.448,1.042,21.248,3.842
8059,33.792,9.28,78.656,4.416
8061,14.592,0.91,26.944,1.073
8062,108.928,1.459,133.44,3.178
8063,68.224,2.881,106.624,3.393
8064,114.816,0.64,148.224,8.076
8066,3.648,1.275,28.928,6.166
8068,0.448,0.012,0.62,0.037
8069,1.408,0.091,4.779,0.128
8071,20.992,3.43,41.344,3.778
8072,0.279,0.011,0.353,0.069
8073,4.416,0.771,33.024,2.691
8075,11.456,0.143,20.8,0.58
8076,0.075,0.015,0.218,0.067
8077,0.384,0.707,1.664,0.453
8079,0.774,0.074,2.288,0.92
8082,0.64,0.181,10.112,0.528
8084,26.496,0.466,82.176,3.078
8085,1.472,0.143,3.584,0.264
8086,4.583,0.261,18.432,1.985
8087,57.856,2.049,164.352,1.032
8089,0.051,0.004,0.123,0.034
8097,0.559,0.145,1.002,0.16
8098,21.824,1.094,136.192,4.238
8099,2.816,0.143,15.488,1.196
8101,57.728,0.59,115.008,4.191
8102,9.92,2.199,38.976,5.12
8104,0.192,0.091,0.384,0.091
8105,6.656,0.202,11.328,1.761
8110,3.84,0.091,10.304,2.44
8111,3.84,0.091,14.592,1.218
8112,3.776,1.506,14.976,3.586
8116,22.016,0.231,49.984,0.792
8120,0.896,0.091,1.408,0.091
8121,15.424,0.326,36.864,1.793
